Length of author name,Length of author email,Length of commit message,Number of tokens in commit message
11,17,49,10
13,47,49,7
15,24,34,7
11,17,31,6
11,17,54,10
11,17,80,16
15,24,180,32
7,32,203,38
11,17,427,77
11,17,62,13
15,23,345,69
9,18,98,21
15,24,23,5
14,31,49,11
11,17,31,8
10,19,39,7
16,19,9,2
19,17,38,7
12,25,70,13
11,17,29,6
11,17,35,5
10,18,351,58
16,32,1277,254
15,24,112,23
15,24,41,9
11,17,35,11
14,31,33,7
15,24,36,7
11,17,42,7
11,17,68,14
11,17,50,11
14,23,1153,211
11,17,52,10
11,17,77,13
9,22,65,13
11,17,64,12
11,17,52,12
12,25,44,6
9,22,16,3
15,24,62,17
14,23,44,6
17,19,56,14
16,19,48,11
15,19,22,4
15,19,34,5
19,17,50,10
11,20,49,8
13,25,22,4
8,21,193,32
16,18,225,36
13,17,40,8
13,17,29,6
15,19,94,16
3,20,40,9
15,19,35,6
17,26,33,5
17,26,56,9
17,26,76,13
17,26,100,12
17,26,129,20
17,26,23,3
17,26,37,5
17,30,67,6
17,26,30,5
17,26,37,6
17,26,64,10
17,26,28,5
17,26,39,8
17,26,34,7
17,26,29,3
17,30,94,15
17,26,25,3
17,26,32,8
17,26,30,3
17,26,13,2
17,26,55,10
17,26,27,4
17,26,28,3
17,26,122,22
17,26,12,2
17,26,50,8
17,26,307,44
17,26,149,19
17,26,11,1
17,26,55,8
17,26,40,6
17,26,23,3
17,26,35,4
17,26,16,2
17,26,542,93
17,26,29,2
17,26,50,3
17,26,71,9
17,26,66,10
17,26,27,4
17,26,45,9
17,26,57,7
17,26,249,38
17,30,41,7
14,26,51,10
17,26,26,4
17,26,35,6
17,26,24,3
17,26,48,8
17,26,37,6
17,30,45,7
17,26,83,11
17,26,256,44
17,30,56,6
17,26,130,23
17,26,35,6
17,26,51,8
17,26,38,5
17,26,64,10
17,26,174,27
17,26,12,1
14,24,49,7
17,26,88,15
17,26,15,3
17,26,47,6
17,26,19,3
17,26,143,23
17,26,65,14
17,26,19,3
17,26,50,6
13,17,257,30
13,14,147,18
13,17,151,18
13,17,143,17
13,17,175,23
13,17,558,86
13,35,236,38
11,17,41,5
26,46,32,9
26,22,37,4
12,18,53,11
26,22,42,5
26,22,22,3
6,19,25,5
8,21,50,10
15,49,22,6
10,22,32,4
10,22,65,13
10,22,63,13
10,22,44,8
15,49,65,13
14,30,240,35
13,22,55,9
7,32,63,15
10,22,54,9
10,22,59,9
15,49,54,12
15,25,14,2
15,25,44,11
15,25,68,12
15,25,74,12
15,25,116,19
8,27,611,119
15,25,35,6
8,27,248,45
9,34,79,13
5,15,54,12
5,15,107,17
13,22,476,88
5,15,43,8
5,15,101,19
5,15,14,2
5,15,101,21
5,15,76,15
5,15,3727,640
5,15,72,14
13,24,42,7
13,18,57,16
13,18,35,7
13,24,78,14
13,18,43,8
13,18,48,11
22,16,14,2
22,16,14,2
22,16,14,2
12,13,14,2
22,16,14,2
12,13,14,2
22,16,14,2
12,13,14,2
22,16,14,2
12,13,14,2
22,16,14,2
12,13,14,2
22,16,14,2
22,16,14,2
22,16,14,2
22,16,14,2
12,13,14,2
12,13,14,2
22,16,14,2
12,13,14,2
22,16,14,2
22,16,14,2
22,16,14,2
22,16,14,2
22,16,14,2
12,13,14,2
12,13,14,2
12,13,14,2
22,16,14,2
22,16,14,2
22,16,14,2
22,16,14,2
12,13,14,2
22,16,14,2
22,16,14,2
22,16,14,2
12,13,14,2
22,16,14,2
22,16,14,2
22,16,14,2
22,16,14,2
22,16,14,2
22,16,14,2
22,16,14,2
22,16,14,2
12,13,14,2
22,16,14,2
12,13,14,2
22,16,14,2
22,16,14,2
22,16,14,2
22,16,14,2
22,16,14,2
22,16,14,2
15,25,151,32
14,19,26,4
14,19,33,6
14,19,183,29
14,19,30,8
14,19,58,12
26,22,57,10
12,22,52,9
12,22,46,9
11,22,73,17
12,22,483,91
12,19,169,32
12,22,581,100
12,22,224,38
12,22,94,20
12,22,26,4
11,14,31,4
14,22,67,6
14,20,27,5
14,20,54,8
11,21,210,40
14,22,26,5
6,20,246,51
11,19,45,9
14,20,38,5
11,21,343,57
14,20,26,2
11,21,153,27
14,22,102,9
14,20,59,9
16,24,70,6
18,18,5720,940
18,18,264,42
13,20,115,21
13,20,52,8
13,20,259,54
13,19,71,9
15,20,158,23
14,15,60,8
22,23,94,13
14,30,75,14
14,30,242,43
14,30,128,23
14,30,609,112
14,30,281,56
14,30,142,29
14,30,100,15
13,31,249,44
13,31,43,9
13,31,1649,381
13,31,2407,554
13,31,152,28
13,31,2233,483
13,31,156,27
13,31,264,46
13,31,242,48
13,31,2030,478
13,31,4717,1051
13,31,263,48
18,20,47,10
26,22,57,10
6,19,34,5
17,27,32,4
10,20,33,5
17,27,106,19
17,27,73,12
20,25,51,10
17,27,34,5
10,20,71,13
17,27,19,3
16,16,416,72
16,16,56,10
16,16,36,7
16,16,111,21
20,25,82,16
16,16,50,9
16,16,380,70
10,20,44,8
16,16,86,11
17,27,65,12
16,16,42,7
17,27,99,18
16,16,328,51
16,16,165,22
16,16,45,7
16,16,67,13
11,25,70,12
11,25,47,8
11,25,22,4
11,25,48,10
11,25,24,6
7,21,45,10
15,21,1387,246
12,24,312,57
11,25,85,10
12,24,45,8
15,21,49,8
11,25,67,14
11,25,46,10
7,21,38,8
15,21,35,6
11,25,39,7
11,25,54,8
11,25,42,9
11,25,50,10
11,25,83,17
15,21,459,103
14,28,177,20
6,14,39,7
6,28,23,4
14,28,109,10
6,14,11,3
15,29,131,12
14,28,195,23
6,28,61,10
14,28,111,10
6,28,36,5
14,28,111,10
6,14,62,14
6,28,39,7
15,29,141,17
15,29,138,21
13,18,16,2
13,18,12,2
13,18,16,2
13,18,15,2
13,18,16,2
13,18,12,2
13,18,16,2
13,18,3,1
13,18,17,2
13,18,20,3
13,18,63,9
13,18,12,2
13,18,12,2
13,18,17,2
13,18,12,2
13,18,16,2
13,18,12,2
13,18,23,3
13,18,3,1
13,18,23,3
13,18,12,2
13,18,12,2
13,18,12,2
13,18,24,3
13,18,16,2
11,22,88,12
13,18,16,2
13,18,17,2
13,18,24,3
13,18,12,2
13,18,16,2
13,18,12,2
13,18,3,1
13,18,12,2
13,18,16,2
13,18,17,2
13,18,29,5
13,18,16,2
13,18,22,2
6,18,12,2
13,18,12,2
13,18,21,3
13,18,17,2
13,18,24,3
13,18,24,3
13,18,16,2
13,18,17,2
13,18,12,2
16,26,19,2
16,26,12,2
16,26,31,7
16,26,26,5
14,38,74,17
16,26,38,4
16,26,9,2
16,26,25,2
16,26,35,7
6,26,24,5
16,26,31,4
20,30,30,6
6,26,41,5
16,26,25,5
16,26,17,2
16,26,37,8
6,26,22,4
15,27,710,145
15,27,316,49
11,17,46,9
11,17,61,13
11,17,31,8
11,17,25,7
11,17,23,7
11,17,124,18
11,17,20,6
11,17,33,9
11,17,20,6
11,17,47,12
11,17,21,6
11,17,26,7
11,17,41,6
11,17,33,8
11,17,11,2
11,17,34,10
11,17,66,9
11,17,95,18
11,17,30,8
11,17,65,13
11,17,34,8
11,17,34,9
11,17,40,9
11,17,29,8
11,17,34,10
11,17,55,11
11,17,35,7
11,17,20,4
11,17,19,6
11,17,41,7
11,17,32,7
11,17,22,7
11,17,27,4
11,17,20,6
11,17,40,10
11,17,37,6
11,17,23,6
11,17,15,2
11,17,42,11
11,17,16,6
11,17,23,8
11,17,36,9
11,17,24,7
11,17,17,2
11,17,52,10
11,17,43,6
11,17,14,2
11,17,45,6
11,17,38,10
11,17,29,4
11,17,13,2
11,17,14,2
11,17,62,9
11,17,26,6
11,17,33,7
11,17,31,8
11,17,32,8
11,17,449,76
11,19,69,12
15,20,470,78
22,23,1054,138
11,21,82,13
11,21,60,8
10,22,38,6
12,17,24,5
13,18,871,164
11,19,92,15
16,19,570,91
12,17,162,25
11,45,678,123
15,31,2506,480
15,31,83,20
12,17,313,53
16,19,110,12
16,19,337,71
16,19,624,112
18,52,101,16
16,19,193,37
12,17,124,24
12,17,173,29
15,19,117,18
16,19,267,38
12,17,277,46
16,19,201,30
12,17,419,81
11,19,103,16
15,18,701,129
16,19,33,7
12,17,106,18
11,19,111,20
15,31,132,26
12,17,973,171
15,19,245,43
11,45,414,83
12,17,576,109
11,19,355,57
12,17,893,147
11,19,190,35
12,17,842,153
16,19,890,150
10,22,18,3
15,19,304,52
16,19,108,19
15,19,6492,1170
7,17,25,3
7,17,27,5
7,17,14,4
9,42,32,2
7,17,52,7
7,17,26,3
16,16,15,2
7,12,39,7
7,12,56,10
16,29,155,30
16,29,84,12
16,19,38,6
11,25,70,12
11,25,47,8
11,25,22,4
11,25,48,10
11,25,24,6
11,25,86,18
7,21,45,10
15,21,1387,246
12,24,312,57
11,25,85,10
12,24,45,8
15,21,49,8
11,25,67,14
11,25,46,10
7,21,38,8
15,21,35,6
11,25,39,7
11,25,54,8
11,25,42,9
11,25,50,10
11,25,83,17
15,21,459,103
14,26,1012,185
14,22,48483,8719
14,26,175,36
14,26,2254,434
14,22,1280,236
14,26,143,26
14,26,47,9
14,26,271,50
14,26,252,51
11,18,55,8
14,26,280,53
14,26,140,29
14,22,82818,14935
14,26,265,53
14,26,119,21
14,26,1381,259
14,26,27,6
14,26,1974,367
14,26,213,42
14,26,4278,780
14,26,1748,308
14,26,407,79
14,22,189067,32831
5,23,12,1
13,17,97,14
10,17,69,9
10,17,45,5
12,17,205,24
14,24,602,111
15,21,103,15
9,19,472,59
15,21,167,17
11,23,170,29
15,21,142,17
10,20,124,14
12,17,442,65
12,17,99,8
16,17,117,12
8,18,284,43
11,23,407,58
16,17,252,30
15,21,271,37
22,23,163,17
15,21,199,23
22,23,75,12
22,23,125,10
10,17,273,45
13,17,493,78
17,22,74,13
15,21,195,24
8,18,135,18
8,18,319,48
22,23,1073,177
13,17,99,8
22,23,108,16
14,24,278,47
22,23,179,23
15,21,174,22
15,21,141,20
15,21,147,15
10,20,98,18
15,21,191,24
8,18,118,12
15,21,115,17
15,21,93,12
10,17,80,9
9,19,253,36
13,17,85,13
15,21,150,17
15,21,223,30
10,17,81,11
9,19,454,71
8,18,454,80
14,19,346,52
8,18,190,22
22,23,145,16
11,14,230,33
9,14,42,7
11,14,266,33
11,14,176,20
11,14,734,112
11,14,222,28
11,14,364,41
11,14,196,24
25,13,230,33
4,24,31,4
14,22,90,17
13,24,22,4
4,24,26,3
4,24,6,1
4,24,91,13
4,24,221,35
14,22,17,3
14,22,86,15
13,24,56,8
4,24,21,3
14,22,22,3
14,22,4,1
14,22,181,32
4,24,49,7
4,24,50,8
14,22,6,1
4,24,36,7
4,24,29,4
13,24,21,3
14,22,7,1
4,24,215,45
4,24,34,3
4,24,19,3
14,22,319,56
14,22,9,1
14,22,22,3
4,24,12,2
4,24,35,6
4,24,26,4
14,22,15,2
12,24,71,11
4,24,68,12
4,24,29,4
14,22,78,14
4,24,37,7
4,24,8,1
4,24,37,5
13,24,54,11
14,22,96,19
4,24,57,7
4,24,29,4
14,22,131,24
14,22,6,1
14,22,4,1
4,24,60,9
4,24,84,16
4,24,25,3
14,22,246,29
14,22,60,9
4,24,15,2
14,22,64,8
14,22,351,68
4,24,65,9
4,24,21,3
14,22,48,7
4,24,8,1
14,22,220,42
14,22,6,1
14,22,363,74
14,22,251,47
14,22,145,28
14,22,15,2
14,22,131,23
14,22,44,2
14,22,15,2
13,24,13,3
4,24,26,3
14,22,233,43
4,24,60,12
14,22,65,13
14,22,6,1
14,22,132,25
4,24,35,4
14,22,78,16
14,22,138,21
4,24,39,5
14,22,136,24
13,24,28,3
14,22,64,11
4,24,49,7
4,24,49,6
14,22,62,12
13,24,25,3
13,24,35,6
14,22,26,4
4,24,20,2
14,22,46,7
4,24,40,6
4,24,30,3
13,24,130,22
14,22,54,10
4,24,359,64
4,24,26,5
4,24,154,30
4,24,23,4
4,24,37,7
4,24,31,4
14,22,6,1
4,24,33,3
4,24,22,4
14,22,6,1
14,22,132,26
4,24,31,4
4,24,17,3
4,24,35,7
4,24,82,12
13,24,28,2
14,22,144,22
4,24,19,4
14,22,40,7
14,22,131,22
14,22,110,20
4,24,16,2
14,22,339,64
4,24,208,37
4,24,20,2
4,24,112,15
4,24,41,5
14,22,397,80
14,22,260,48
14,22,137,23
14,22,58,14
14,22,6,1
4,24,9,2
4,24,34,4
14,22,46,12
4,24,78,11
4,24,18,4
4,24,37,5
14,22,65,8
14,22,25,5
4,24,64,11
4,24,45,8
4,24,44,10
14,22,153,26
4,24,194,37
4,24,86,13
4,24,99,15
4,24,25,4
4,24,48,6
13,24,42,6
14,22,6,1
13,24,31,3
4,24,68,11
4,24,24,3
4,24,8,1
4,24,59,10
4,24,182,30
4,24,6,1
4,24,77,13
13,24,60,9
4,24,19,2
14,22,6,1
4,24,219,42
4,24,9,1
4,24,21,2
4,24,76,14
14,22,45,6
4,24,62,11
14,22,172,35
4,24,75,12
4,24,71,10
4,24,8,1
4,24,20,2
13,24,226,48
4,24,97,16
13,24,67,11
4,24,31,3
14,22,6,1
4,24,25,3
4,24,67,8
14,22,6,1
4,24,85,11
4,24,41,8
4,24,65,10
14,22,166,34
13,24,127,18
14,22,15,2
4,24,34,3
4,24,53,8
4,24,9,2
14,22,6,1
14,22,5,1
14,22,36,9
4,24,66,12
4,24,21,2
4,24,209,39
13,24,80,14
4,24,110,18
4,24,42,6
14,22,156,31
4,24,7,1
4,24,46,5
4,24,27,4
4,24,27,4
4,24,12,2
14,22,20,3
14,22,338,67
14,22,240,44
14,22,58,9
4,24,8,2
13,24,33,5
14,22,179,26
4,24,57,9
14,22,33,5
4,24,70,11
14,22,14,2
14,22,10,1
14,22,95,17
13,24,242,42
14,22,28,3
4,24,33,3
4,24,59,7
14,22,14,2
4,24,23,3
4,24,6,1
14,22,15,2
14,22,157,17
14,22,140,17
4,24,7,1
14,22,151,30
14,22,41,8
14,22,132,26
4,24,29,4
14,22,107,19
14,22,117,20
4,24,103,12
4,24,50,8
14,22,344,54
14,22,30,5
14,22,6,1
14,22,6,1
4,24,50,10
14,22,15,2
14,22,15,2
4,24,31,4
14,22,306,61
4,24,44,6
13,24,53,9
4,24,38,6
4,24,281,50
4,24,44,5
14,22,28,5
13,24,23,2
14,22,66,11
4,24,36,5
13,24,62,9
14,22,23,2
13,24,9,2
14,22,49,12
4,24,114,19
4,24,467,96
14,22,6,1
4,24,43,7
14,22,86,16
14,22,31,5
4,24,59,9
14,22,6,1
4,24,8,1
14,22,37,6
14,22,61,10
4,24,8,1
14,22,51,9
13,24,163,32
14,22,52,9
4,24,99,15
14,22,376,71
4,24,36,5
14,22,6,1
4,24,86,14
14,22,15,2
4,24,19,4
14,22,125,22
4,24,46,7
4,24,8,1
14,22,89,19
4,24,555,108
4,24,22,2
14,22,19,3
4,24,22,3
4,24,31,5
13,24,259,48
4,24,21,3
14,22,26,4
4,24,24,4
14,22,34,6
4,24,51,7
13,24,32,6
4,24,49,11
14,22,24,3
14,22,275,48
14,22,23,4
14,22,61,11
14,22,36,3
14,22,122,20
4,24,36,3
4,24,32,5
4,24,23,3
14,22,14,2
4,24,36,5
4,24,68,12
4,24,41,5
14,22,43,5
14,22,325,55
4,24,65,10
4,24,57,17
4,24,109,19
4,24,37,5
4,24,15,3
4,24,19,3
14,22,33,6
13,17,59,13
12,14,157,27
13,14,17,3
14,17,38,7
13,17,25,5
13,17,9,2
12,18,27,4
13,14,15,3
13,14,50,8
13,14,5,1
12,33,570,101
13,14,34,6
13,14,14,3
13,14,68,9
19,19,25,5
13,14,51,7
13,14,38,6
14,17,50,7
13,17,45,7
13,17,40,6
12,33,168,23
19,19,3,1
19,19,8,1
17,46,792,150
13,14,42,4
13,14,50,8
13,18,60,9
13,14,50,9
14,20,39,6
12,21,74,17
14,20,66,13
11,15,41,7
14,20,25,4
14,23,20,7
11,15,51,7
14,20,35,6
10,22,46,9
14,20,47,6
14,23,26,3
14,25,14,2
12,21,46,10
12,21,23,3
13,17,468,66
5,13,14,2
5,13,17,4
14,32,59,13
14,32,62,10
14,22,14,3
14,18,44,7
7,27,58,11
10,19,88,14
10,19,46,10
10,19,57,9
14,48,27,5
10,19,142,25
14,48,17,4
14,48,31,5
10,19,110,19
10,19,35,6
10,19,7,1
10,19,16,3
10,19,58,10
10,19,56,10
10,19,82,13
5,23,143,27
14,48,32,6
14,48,16,3
10,19,18,3
12,37,76,14
11,37,22,3
12,37,77,13
11,37,67,11
15,30,15,3
12,37,25,3
15,20,20,3
11,37,97,17
13,16,79,18
12,37,45,11
11,37,109,21
12,37,25,3
11,30,225,44
13,22,25,3
11,32,247,39
2,30,332,66
11,32,142,22
12,37,60,13
12,37,18,3
11,37,178,31
11,37,32,5
13,16,154,25
11,37,136,26
11,37,144,25
12,37,23,3
11,37,62,10
12,37,19,3
11,30,114,18
11,37,48,11
12,37,147,19
12,37,140,23
9,17,38,6
12,37,19,3
11,37,54,9
12,37,42,8
12,37,19,3
11,37,44,7
11,30,40,5
11,37,26,6
11,37,17,3
11,37,81,12
12,37,17,2
11,32,49,8
9,17,18,3
11,37,53,9
11,37,35,5
12,37,43,7
11,37,49,7
11,37,46,7
11,30,74,17
12,37,51,10
11,37,28,6
11,37,51,8
12,37,29,4
11,37,107,23
12,37,42,7
11,37,30,4
11,37,139,29
11,37,45,11
11,30,68,8
12,37,38,5
11,30,557,96
12,37,83,16
13,16,333,59
11,37,28,4
11,37,57,9
11,37,36,2
12,37,129,23
11,30,159,33
13,18,47,7
13,22,102,13
12,37,19,4
15,30,107,22
12,37,200,33
11,37,88,11
12,37,35,5
11,37,43,6
15,20,100,20
12,37,16,2
11,32,14,2
11,37,36,6
11,32,219,37
12,37,28,4
11,37,73,14
14,18,151,30
11,37,291,28
12,37,180,26
12,37,34,5
11,30,33,6
11,30,43,7
11,37,50,7
12,37,55,9
11,37,12,1
12,37,32,4
11,32,116,20
12,37,91,14
11,37,21,4
14,16,41,7
11,37,59,11
15,24,32,6
11,37,116,17
11,37,14,2
12,24,45,6
7,21,108,18
12,37,33,5
11,37,73,10
11,37,146,31
9,24,80,13
13,22,33,4
13,18,29,5
12,37,40,8
12,37,115,19
9,24,128,23
12,37,44,9
15,24,30,6
11,32,14,2
11,32,88,14
11,37,18,3
11,37,13,4
11,30,234,42
9,17,31,4
12,37,38,6
11,37,35,5
11,32,34,6
11,37,19,3
11,37,64,14
11,37,28,4
11,32,112,19
12,37,82,13
11,37,32,4
12,37,34,5
11,32,33,8
12,37,25,5
9,24,50,8
12,37,30,5
16,17,34,4
16,17,43,5
9,14,11,3
9,14,62,13
9,14,101,22
19,16,59,11
9,14,71,10
9,14,34,5
9,14,73,9
9,14,58,10
9,14,1086,189
9,14,128,19
9,14,72,16
9,14,51,6
9,14,110,18
9,14,26,6
9,14,46,7
9,14,10,3
9,14,72,18
15,25,48,8
9,14,67,11
9,14,83,12
9,14,102,17
19,16,31,7
13,23,189,41
9,14,98,18
13,23,29,5
9,14,55,10
9,14,22,5
20,36,62,8
12,17,21,5
11,23,27,5
4,31,42,9
7,22,37,6
20,45,63,11
20,45,102,19
11,19,318,59
13,14,24,5
20,45,405,68
14,18,37,4
20,45,970,196
4,31,92,14
20,45,218,38
8,21,24,4
4,31,23,3
5,19,162,32
18,20,38,6
4,31,27,5
11,19,27,4
20,45,30,6
13,23,33,7
14,18,247,46
17,31,42,6
10,20,81,10
4,31,30,5
20,45,136,28
9,21,242,40
15,22,61,10
15,17,91,15
4,31,42,10
20,45,24,5
15,18,32,7
12,26,148,29
17,19,522,95
20,45,41,6
11,17,41,7
17,31,17,2
4,31,30,5
11,21,919,171
7,22,24,3
8,21,44,11
15,18,16,3
4,15,167,23
5,21,76,21
5,16,133,13
4,15,159,19
11,21,84,16
5,16,41,9
5,16,120,11
11,21,34,6
18,20,121,12
11,21,13,2
18,28,53,11
18,28,46,7
10,16,101,21
5,16,140,15
15,18,87,18
18,28,109,23
5,16,122,13
5,16,66,12
9,16,24,7
18,20,129,14
20,23,26,3
18,20,146,18
18,28,17,3
5,16,168,19
5,16,15,2
5,16,73,14
9,16,48,8
5,16,36,8
20,23,46,5
18,28,27,4
13,17,80,16
11,21,39,11
11,21,67,16
11,21,63,13
11,21,57,12
18,28,52,14
11,21,19,3
11,18,46,7
11,21,29,3
5,16,70,17
11,21,24,4
5,16,58,11
14,16,55,12
11,21,39,8
18,28,53,8
20,23,44,9
5,16,79,14
4,15,178,23
5,16,130,13
4,15,132,11
18,20,10,2
16,14,32,4
7,20,47,6
4,15,120,11
5,16,151,18
9,16,39,8
18,28,58,11
5,16,183,24
5,16,129,12
5,16,71,17
14,26,173,33
5,16,91,20
11,21,72,18
5,16,121,11
5,16,124,14
5,16,148,17
5,16,121,10
6,19,28,5
9,16,38,9
11,21,54,11
4,15,238,31
4,15,111,10
18,20,119,11
16,22,20,6
5,16,140,17
5,16,181,18
6,28,57,11
5,16,133,13
5,16,118,21
5,16,33,6
11,21,679,113
4,15,326,50
5,16,199,24
6,16,35,6
6,16,38,7
17,16,35,5
17,16,5,1
6,16,26,5
17,16,56,11
6,16,6,1
17,16,158,23
17,16,5,1
6,16,5,1
17,16,37,6
6,16,16,4
17,16,25,3
6,16,46,7
17,16,64,9
17,16,46,6
6,16,43,6
6,16,12,2
6,16,41,8
6,16,49,8
17,16,40,6
6,16,25,7
17,16,38,6
17,16,9,3
6,16,30,5
6,16,24,4
6,16,59,8
6,16,12,1
6,16,43,6
17,16,15,2
17,16,13,2
17,16,7,1
6,16,48,8
17,16,50,8
6,16,3,1
6,16,5,1
6,16,35,5
6,16,44,6
6,16,15,3
6,16,13,1
17,16,48,9
17,16,18,2
6,16,16,2
6,16,23,4
6,16,25,5
6,16,21,6
6,16,16,3
6,16,10,2
6,16,67,10
17,16,29,5
6,16,9,3
6,16,8,1
6,16,65,10
17,16,48,8
6,16,22,4
6,16,20,2
17,16,26,4
17,16,26,7
6,16,30,3
6,16,13,2
6,16,8,1
17,16,51,7
17,16,240,40
6,16,50,6
17,16,41,8
17,16,113,20
17,16,53,11
6,16,22,4
6,16,60,10
6,16,27,5
6,16,83,12
6,16,61,10
6,16,51,8
17,16,24,4
6,16,14,2
6,16,33,5
6,16,136,23
6,16,28,6
6,16,45,7
6,16,21,3
6,16,14,3
6,16,19,2
6,16,20,3
6,16,20,2
17,16,53,10
7,26,89,12
6,16,12,2
6,16,8,1
6,16,10,2
6,16,76,12
17,16,42,7
6,16,27,4
6,16,74,12
6,16,62,10
6,16,16,4
6,16,11,2
6,16,51,9
6,16,19,3
7,26,46,5
6,16,5,1
17,16,38,10
6,16,52,8
6,16,14,3
6,16,19,3
14,28,139,15
6,19,45,7
6,28,49,11
14,28,197,31
6,28,46,9
6,14,43,6
6,28,26,4
14,28,159,15
6,14,39,7
15,29,80,14
6,14,46,9
14,28,133,13
6,28,30,6
6,14,52,11
14,28,140,12
6,14,114,19
6,28,36,5
15,36,204,23
14,28,163,20
14,28,161,18
6,28,101,16
6,28,23,4
15,29,131,12
14,28,195,23
15,36,146,16
14,28,203,25
14,35,33,5
6,14,48,7
15,36,211,22
6,28,71,16
6,14,92,15
6,14,64,10
14,35,62,13
6,28,63,12
14,35,137,17
6,17,27,5
6,14,30,6
6,28,65,10
6,28,53,12
14,28,208,32
6,28,60,10
6,28,33,6
6,28,43,8
6,14,45,9
6,14,78,15
14,28,171,20
22,16,14,2
22,16,14,2
22,16,14,2
12,13,14,2
22,16,14,2
12,13,14,2
12,13,14,2
22,16,14,2
12,13,14,2
22,16,14,2
12,13,14,2
12,13,14,2
22,16,14,2
12,13,14,2
22,16,14,2
22,16,14,2
22,16,14,2
22,16,14,2
12,13,14,2
12,13,14,2
22,16,14,2
12,13,14,2
22,16,14,2
22,16,14,2
22,16,14,2
22,16,14,2
22,16,14,2
12,13,14,2
12,13,14,2
12,13,14,2
22,16,14,2
22,16,14,2
22,16,14,2
12,13,14,2
22,16,14,2
12,13,14,2
12,13,14,2
22,16,14,2
22,16,14,2
22,16,14,2
12,13,14,2
22,16,14,2
22,16,14,2
22,16,14,2
22,16,14,2
22,16,14,2
12,13,14,2
22,16,14,2
22,16,14,2
12,13,14,2
22,16,14,2
12,13,14,2
22,16,14,2
22,16,14,2
22,16,14,2
22,16,14,2
22,16,14,2
6,41,46,7
9,16,66,10
11,21,16,3
11,21,679,119
14,26,59,10
11,21,38,7
4,18,31,5
11,21,69,15
11,21,19,3
11,21,43,5
9,16,35,5
18,20,85,12
5,33,115,22
9,19,64,12
5,33,52,12
5,33,371,57
4,34,1403,263
13,16,754,135
13,23,134,20
13,23,88,17
13,23,566,112
13,12,41,5
6,12,22,7
13,23,44,10
10,16,40,11
10,16,36,10
13,21,369,67
13,21,48,6
13,21,48,6
13,12,21,7
13,21,48,6
4,21,30,4
13,21,189,31
13,21,48,6
13,21,55,8
13,21,31,7
13,21,27,4
13,21,16,2
13,21,55,8
13,21,29,3
13,21,45,10
13,21,55,8
13,21,55,9
13,21,48,6
13,21,165,25
13,21,55,8
13,21,38,6
13,21,48,6
13,21,177,26
5,24,125,21
5,24,40,6
5,24,54,10
5,24,108,23
12,24,48,7
12,24,70,12
12,25,35,7
5,24,73,15
10,20,29,5
10,18,25,5
11,22,72,8
15,19,80,16
8,19,54,10
14,24,72,12
3,21,36,6
14,24,63,12
14,24,281,53
14,24,29,5
14,24,26,4
14,24,47,9
14,24,29,8
14,24,44,7
14,24,62,13
14,24,18,5
14,24,42,7
13,22,149,23
14,24,32,6
5,15,53,8
10,18,94,11
10,18,41,5
10,18,71,8
10,18,64,9
10,18,74,10
10,18,49,7
10,18,45,8
13,14,72,11
10,18,40,5
10,18,33,5
10,18,52,6
10,18,49,7
10,18,38,5
10,18,69,7
10,18,40,5
10,18,55,6
10,18,14,2
10,18,22,3
10,18,46,6
10,18,53,7
13,23,51,10
13,23,59,13
14,42,68,15
13,23,78,13
11,27,333,56
17,27,55,12
17,27,49,9
14,26,19,3
14,26,19,3
14,26,104,20
14,26,10,2
14,26,23,5
14,26,175,25
14,26,36,4
14,26,46,7
14,26,25,4
14,26,35,7
14,26,30,5
14,26,39,5
15,22,40,6
14,26,30,5
14,26,32,5
14,26,233,48
14,26,49,7
14,26,30,5
14,26,2045,391
14,26,30,4
14,26,28,4
14,26,37,6
15,22,35,5
14,26,35,7
14,26,79,12
14,26,25,4
14,26,43,6
14,26,30,6
16,19,22,4
10,13,33,7
14,26,87,13
14,26,49,8
14,26,19,3
14,26,22,4
15,22,125,17
14,26,2308,430
14,26,31,5
14,26,183,30
12,22,430,64
6,42,261,43
6,42,255,44
8,22,14,2
8,22,26,3
8,22,18,3
8,22,23,2
8,22,13,3
8,22,43,7
8,22,18,3
8,22,75,14
8,22,8,1
8,22,64,13
8,22,26,5
10,20,50,7
15,25,71,13
13,20,236,43
21,16,107,19
10,20,249,40
15,25,62,10
13,20,165,29
15,25,40,6
15,25,48,8
13,20,140,27
7,19,41,7
7,19,150,21
7,19,37,7
7,19,229,41
7,19,220,33
7,19,45,6
7,19,83,13
7,19,183,25
7,19,286,50
7,19,68,12
7,19,233,38
7,19,739,121
14,26,596,99
12,24,483,94
10,26,16,2
19,17,106,20
10,26,18,2
13,18,14,2
12,13,44,7
14,24,92,14
14,24,88,14
14,24,52,9
14,24,81,13
14,24,20,4
14,24,94,15
17,18,485,87
14,23,208,31
11,15,55,10
12,19,58,14
12,19,145,28
14,28,111,10
15,29,131,12
14,28,111,10
6,14,32,7
14,28,112,10
14,28,111,10
6,14,11,3
14,28,152,18
14,28,143,19
6,14,11,3
6,28,53,13
10,19,486,82
9,23,21,4
10,19,312,57
9,23,10,2
12,22,99,17
9,23,29,5
18,19,956,164
9,23,32,5
5,21,618,97
9,23,31,5
6,28,105,23
9,23,23,4
6,28,343,60
12,23,49,12
6,28,2825,468
14,19,169,31
12,23,49,11
6,28,794,133
10,19,1296,196
8,27,4397,808
9,23,35,6
6,28,142,27
10,19,158,25
6,28,189,34
18,18,2235,393
9,23,50,10
9,23,21,4
18,19,806,137
9,23,46,7
6,28,132,26
15,22,28,7
8,27,403,74
9,23,49,8
22,23,66,12
12,21,11,2
22,23,53,11
10,17,72,12
13,18,1245,187
12,15,62,10
12,18,209,29
12,18,136,15
21,23,93,12
22,23,106,16
12,21,143,24
13,18,176,24
13,18,350,56
13,18,910,142
22,23,364,66
12,21,11,2
10,17,95,14
22,23,357,69
10,17,225,51
22,23,268,43
18,22,156,16
14,19,179,29
13,16,18,5
11,43,97,15
11,43,165,34
11,43,534,88
11,43,38,7
14,47,51,9
13,23,9,2
11,43,35,6
14,25,24,5
20,10,40,7
13,23,16,2
15,23,32,7
13,16,33,3
11,43,82,17
14,25,28,5
13,23,21,3
6,16,57,11
13,23,22,2
14,47,53,8
13,23,15,2
11,43,364,67
14,19,65,13
11,43,52,8
13,16,32,4
13,16,15,2
4,17,51,8
11,43,35,7
14,19,91,20
13,23,24,4
13,23,23,3
14,47,55,7
6,16,19,4
11,43,23,3
13,16,15,3
13,23,31,6
15,23,144,26
14,19,63,13
13,23,15,2
13,23,45,11
11,43,51,7
11,43,541,97
14,47,23,3
14,19,52,8
14,42,216,44
14,47,52,9
14,47,34,8
14,47,29,5
14,47,69,10
11,43,55,9
17,51,396,79
14,20,44,12
18,19,307,63
11,31,447,94
8,18,814,146
11,19,305,52
12,48,1759,285
17,23,5573,841
14,20,71,13
17,23,706,106
18,19,133,21
11,42,1970,282
9,16,651,97
9,18,3371,552
17,23,231,43
12,21,238,50
10,46,1051,161
12,48,342,63
13,31,308,65
10,44,214,35
11,19,592,88
11,24,106,20
17,23,479,83
17,23,61,14
11,42,1718,253
18,27,294,46
17,51,795,126
10,46,385,56
11,24,294,57
12,35,167,30
14,26,528,76
14,20,43,10
9,43,343,59
17,23,1324,212
11,24,107,23
8,42,1760,289
11,42,810,128
14,46,1301,188
11,45,1650,271
17,23,838,130
11,19,367,49
14,18,1210,185
14,14,287,49
14,18,365,56
14,18,1372,215
14,14,99,17
14,18,5291,805
14,18,319,49
14,14,3298,398
14,18,7500,1183
14,18,1182,183
14,14,717,118
14,14,51,12
14,14,1150,195
14,18,6871,1174
14,14,680,102
14,14,1131,209
14,14,219,41
14,14,449,68
14,14,1892,339
14,18,1405,235
14,14,67,12
14,18,8101,1355
14,14,272,40
14,18,31,6
14,18,2678,439
14,18,6036,1055
14,18,23002,3553
14,18,183,29
14,18,294,52
14,18,585,115
14,14,35,4
14,18,6261,936
14,14,1700,279
14,18,128,18
14,18,1678,286
19,23,436,87
18,12,81,17
19,23,188,45
6,21,78,18
19,23,252,53
19,23,10312,2093
19,23,752,136
10,20,404,72
10,20,67,10
10,20,1172,181
11,25,26,5
11,17,151,27
11,22,38,5
11,15,54,9
11,12,46,8
11,17,24,4
9,27,27,3
12,26,162,32
11,17,84,12
11,12,30,5
11,17,274,50
10,23,294,54
9,22,18,2
13,15,47,5
10,23,182,31
15,25,48,6
11,17,26,2
17,26,213,33
11,22,422,67
11,24,315,50
11,17,309,55
14,22,83,10
9,16,30,7
11,22,107,18
11,17,24,4
11,22,81,15
11,17,61,9
10,23,199,30
11,22,440,87
11,24,19,3
13,15,44,8
13,15,48,6
9,24,16,3
5,23,190,28
10,23,53,9
5,21,53,7
13,15,245,35
10,23,79,13
13,15,44,5
13,15,198,32
19,35,65,14
13,15,84,10
12,19,52,7
11,22,41,5
11,12,31,5
8,14,919,158
11,12,117,20
8,14,457,97
10,23,106,15
11,22,57,7
13,15,79,13
13,15,33,5
13,25,99,14
21,16,511,80
11,22,28,5
7,41,382,59
11,12,31,5
17,18,125,25
10,23,14,2
11,22,51,4
13,15,156,32
9,21,38,6
11,22,39,5
11,22,37,5
13,15,62,10
17,21,882,140
11,17,21,3
14,20,971,187
11,17,111,16
10,23,97,12
11,24,365,75
13,20,48,8
11,22,18,3
13,15,52,11
11,17,60,5
13,15,298,40
13,15,51,5
11,22,78,13
8,14,34,4
10,23,86,13
13,15,62,7
9,24,57,7
13,15,361,65
11,22,30,5
9,22,20,2
11,23,24,4
12,18,69,16
12,18,35,5
13,23,253,49
11,33,394,69
13,23,267,54
12,24,89,17
13,19,29,8
12,24,52,8
13,13,37,5
13,23,365,66
11,11,66,13
12,20,52,9
12,20,22,4
9,21,662,114
13,47,46,12
12,20,68,15
13,13,59,9
10,18,174,28
10,18,60,10
14,27,44,5
15,25,59,11
14,27,342,54
10,18,26,3
14,27,22,3
10,18,76,10
14,27,29,4
10,18,116,16
11,17,81,16
10,18,50,10
14,27,37,6
14,23,52,6
14,27,54,8
14,27,84,12
14,27,73,12
13,17,89,8
10,18,36,4
7,34,110,22
10,18,50,10
10,18,134,20
10,16,22,3
12,27,52,8
13,23,46,6
11,16,12,3
14,15,56,13
11,16,27,6
14,15,37,6
10,16,17,2
14,15,49,8
5,16,88,15
10,16,25,4
10,16,8,1
15,25,85,12
10,16,35,3
11,16,20,6
11,16,62,12
11,16,9,2
14,18,298,46
13,18,60,10
14,16,12,2
14,18,64,8
10,16,15,2
11,16,38,7
10,16,41,4
4,21,57,6
5,16,48,9
10,16,8,2
11,16,46,8
14,15,218,44
5,16,35,5
10,16,6,2
10,16,35,6
10,16,46,8
10,16,14,3
13,18,75,14
10,16,27,3
14,18,135,25
11,16,9,1
10,16,13,2
14,16,9,2
5,16,44,6
10,16,10,3
14,15,40,4
11,16,24,4
10,16,22,2
10,19,25,6
11,20,45,6
11,16,31,5
10,16,39,7
14,18,1153,243
14,24,571,119
14,15,38,6
14,15,240,42
12,15,76,13
16,20,54,11
14,18,47,7
10,16,12,3
11,16,20,8
13,43,33,6
13,20,55,13
11,16,15,2
14,15,81,17
11,16,31,6
12,22,88,17
10,16,24,4
11,16,30,5
14,16,36,7
14,18,50,8
10,16,9,2
10,16,17,3
10,16,23,5
4,21,127,24
14,15,28,6
10,16,19,4
10,16,14,3
11,16,3,1
10,16,8,1
14,18,46,6
11,21,48,8
12,22,35,5
11,10,136,29
12,22,343,70
14,16,542,98
19,31,958,155
23,21,584,113
9,19,50,8
9,19,32,5
9,19,105,17
9,19,103,20
9,19,169,28
9,19,34,6
19,19,75,16
16,20,83,13
19,18,45,7
9,19,144,24
9,19,66,11
18,18,38,8
9,19,65,15
9,19,45,7
8,22,133,16
9,19,845,149
23,33,1140,216
9,19,150,27
9,19,20,3
9,19,76,15
9,19,55,11
5,21,330,55
19,19,71,16
13,41,99,14
13,17,69,12
12,21,30,6
12,21,39,5
14,24,155,20
17,18,485,87
14,23,95,13
14,24,94,15
15,23,25,3
13,16,42,6
13,23,14,3
13,23,19,4
6,16,27,3
15,23,102,20
16,53,174,19
18,55,166,21
16,53,183,31
18,55,105,10
18,55,133,18
13,17,160,15
13,17,244,32
13,17,168,19
13,17,219,31
13,17,183,26
13,17,183,23
13,17,273,38
13,17,220,30
13,17,173,19
13,17,201,23
13,17,206,28
13,17,144,18
13,17,198,26
13,17,134,15
13,17,174,21
13,17,113,11
13,17,185,20
13,17,226,28
13,35,44,13
13,17,143,14
13,17,138,12
8,14,136,20
13,17,223,24
13,17,101,9
13,17,134,14
13,17,129,14
13,30,22,3
17,18,37,6
17,18,18,3
17,18,34,5
11,19,62,13
11,19,38,7
11,19,50,9
11,23,67,12
7,19,39,6
11,19,35,7
11,19,31,5
7,19,29,9
7,19,19,4
11,19,42,5
11,27,12,2
6,19,23,5
11,19,39,7
11,19,71,13
11,19,21,4
11,19,13,2
11,23,25,3
11,19,25,4
7,19,38,9
11,19,41,6
11,19,51,9
11,23,32,6
14,24,292,60
13,20,252,50
9,16,248,29
11,14,98,18
13,20,236,40
15,25,57,11
15,25,156,25
9,16,423,59
10,20,158,32
9,16,221,23
4,16,143,21
6,20,34,5
12,17,65,8
11,21,44,8
12,17,274,60
12,17,524,83
12,18,7,1
12,18,13,2
12,18,45,9
12,18,17,3
20,30,803,156
20,30,37,7
20,30,662,118
10,17,62,17
13,23,49,8
20,30,599,138
20,30,428,79
20,30,358,73
20,30,239,45
20,30,598,128
20,30,677,125
14,23,62,10
20,30,31,6
20,30,87,10
15,16,33,7
20,30,275,45
11,20,72,17
15,16,37,5
14,18,68,16
15,16,24,4
15,17,92,15
15,17,51,11
15,17,63,7
15,17,46,8
15,17,61,11
15,17,47,9
15,17,56,12
15,17,86,15
15,17,20,5
15,17,101,14
12,22,58,9
12,22,22,5
14,22,22,3
14,22,30,5
14,22,131,25
14,22,521,90
14,22,97,16
14,22,21,4
14,22,73,14
14,22,41,10
14,22,263,52
14,22,49,9
19,31,43,6
14,26,281,56
14,26,2841,582
10,13,38,7
11,22,149,32
14,26,413,74
15,22,78,14
14,22,129,21
15,22,34,6
11,22,42,7
19,31,47,4
14,26,56,10
10,13,108,18
14,26,368,95
19,31,18,3
15,22,71,10
14,26,70,10
15,22,45,8
11,22,4054,709
10,13,20,4
14,26,211,37
14,26,787,138
15,22,13,3
14,22,42,6
15,22,69,16
14,26,361,70
11,22,1404,249
10,13,22,4
14,26,559,91
15,22,52,10
14,26,49,6
15,22,38,7
15,22,13,3
16,19,22,4
14,26,1279,289
19,31,43,4
10,13,58,11
14,22,169,37
14,26,278,45
10,53,115,16
14,26,239,38
15,22,70,12
15,22,48,8
15,22,43,8
10,13,57,12
15,22,46,9
14,25,60,12
14,19,59,11
14,25,146,28
14,25,43,7
14,25,34,6
14,19,55,11
14,25,123,19
14,19,182,34
14,25,67,12
14,19,72,13
14,25,62,13
14,25,17,4
14,25,41,7
14,25,158,31
14,25,77,16
14,19,220,42
14,25,66,13
14,19,186,32
14,25,206,41
14,19,37,6
14,19,136,29
14,25,67,11
14,19,179,41
14,19,62,11
14,19,74,14
14,19,125,24
14,25,159,27
14,25,42,8
14,25,266,48
14,25,70,11
14,19,64,9
14,25,163,27
14,19,37,8
14,25,381,76
14,25,61,12
14,19,374,77
14,19,69,12
14,19,90,17
14,19,65,11
14,25,104,18
14,19,73,9
14,19,236,48
14,25,28,5
14,25,84,15
14,19,102,20
14,19,263,53
14,25,289,64
14,19,242,52
14,25,84,19
14,25,49,10
14,25,30,7
14,25,114,19
14,19,139,26
14,25,89,18
14,25,149,27
14,19,363,63
14,19,344,81
14,25,103,19
14,19,115,24
14,25,88,15
14,25,44,13
14,25,58,11
14,25,79,20
14,25,30,7
14,19,68,15
14,19,373,90
14,19,58,11
14,19,199,34
14,19,62,15
14,19,65,13
14,25,93,17
14,25,113,22
14,25,46,8
14,19,81,13
14,19,177,32
14,25,31,5
14,19,118,27
14,19,109,17
14,19,606,98
14,19,62,10
14,19,46,9
14,19,43,8
14,19,112,21
12,19,193,30
14,19,101,18
14,25,28,7
14,25,80,17
14,25,64,13
14,25,110,19
14,19,149,27
14,19,282,59
14,25,74,13
14,25,56,10
14,25,45,6
14,19,168,33
14,19,48,11
14,25,78,17
14,19,415,75
14,19,319,56
12,18,33,9
12,26,78,16
13,21,40,6
6,8,198,50
6,8,555,105
6,8,1957,457
11,19,41,10
17,38,46,12
6,8,803,152
11,19,215,48
6,8,31,5
11,22,152,26
6,8,111,22
12,21,62,13
15,23,33,6
13,24,31,4
13,22,44,6
13,22,42,6
13,24,45,10
13,24,26,5
13,24,219,39
13,24,15,3
14,16,56,11
14,16,37,7
14,16,51,9
14,16,36,6
14,16,71,14
14,16,37,7
14,16,26,4
14,16,138,22
14,16,156,28
14,16,58,15
14,16,81,17
14,16,22,3
14,16,109,20
14,16,53,10
14,16,51,8
14,16,18,4
14,16,32,7
14,16,46,8
14,16,29,5
14,16,19,5
14,16,166,35
14,16,50,8
14,16,63,8
10,14,97,21
10,14,292,55
10,14,14,4
15,49,401,67
10,14,18,2
10,14,70,11
10,14,107,17
10,14,167,39
10,14,137,32
10,14,388,70
10,14,372,75
10,14,50,6
10,14,153,31
10,14,154,33
10,14,224,44
15,49,508,79
10,14,73,11
10,14,419,83
10,14,25,5
10,14,96,21
10,14,758,160
10,14,121,27
11,21,54,10
11,21,114,17
11,21,68,11
16,14,39,8
16,14,34,5
16,14,26,5
16,14,35,3
16,14,52,8
19,14,48,6
19,14,16,2
16,14,29,6
16,14,23,4
16,14,38,9
16,14,34,8
16,14,32,4
16,14,17,2
16,14,43,8
16,14,16,4
16,14,24,5
16,14,54,8
16,14,35,8
7,24,30,5
7,24,34,7
7,24,15,2
7,24,10,2
11,14,936,182
11,14,65,13
8,20,46,7
11,18,446,81
11,14,373,68
11,18,43,7
11,18,28,5
11,18,422,77
11,14,142,29
11,18,24,6
9,21,281,47
11,18,161,30
9,14,45,8
11,18,538,95
9,14,37,5
11,18,33,7
11,18,226,35
9,14,43,7
11,14,750,132
11,18,315,57
20,57,76,16
20,57,64,11
20,57,98,13
20,57,52,9
20,57,33,6
20,57,67,12
12,21,35,4
12,21,19,2
15,49,409,61
12,21,19,2
12,21,30,3
12,21,29,5
12,21,31,4
12,21,19,2
13,20,20,2
13,20,13,2
13,20,28,3
13,20,26,4
13,20,8,1
13,20,11,1
13,20,42,9
13,20,28,4
13,20,15,2
13,20,25,4
13,20,13,1
13,20,51,8
13,20,12,2
13,20,37,6
13,20,15,2
13,20,37,7
13,20,14,2
13,20,28,4
13,20,24,3
13,20,40,7
13,20,35,5
13,20,45,6
13,20,12,2
13,20,30,4
13,20,29,3
13,20,22,3
13,20,36,6
13,20,11,2
13,20,22,5
13,20,35,6
13,20,11,2
13,20,48,6
13,20,20,2
13,20,34,6
13,20,22,2
13,20,24,2
13,20,22,3
13,20,8,1
13,20,28,4
13,20,30,4
13,20,49,6
13,20,21,3
13,20,15,3
13,20,9,2
13,20,29,4
13,20,17,3
13,20,11,2
13,20,26,5
13,20,26,3
13,20,16,3
13,20,6,1
13,20,41,7
13,20,23,3
13,20,41,6
13,20,8,1
13,20,8,1
13,20,21,3
13,20,21,3
13,20,22,4
13,20,13,3
13,20,33,5
13,20,41,6
13,20,24,5
13,20,42,9
13,20,59,9
13,20,39,6
13,20,29,3
13,20,23,3
13,20,22,3
13,20,41,10
13,20,22,5
13,20,37,5
13,20,60,8
13,20,4,1
13,20,40,6
13,20,84,15
13,20,36,5
13,20,11,1
13,20,62,10
13,20,12,2
13,20,25,3
13,20,34,4
13,20,11,1
13,20,15,3
13,20,37,5
13,20,37,5
13,20,34,5
13,20,51,8
13,20,41,6
13,20,19,2
13,20,41,7
13,20,11,1
13,20,4,1
13,20,22,4
13,20,4,1
13,20,58,10
13,20,22,3
13,20,38,5
13,20,22,4
13,20,30,5
13,20,41,7
13,20,70,10
13,20,23,4
13,28,73,10
13,28,17,2
10,28,19,3
10,28,51,9
10,28,21,3
10,28,56,7
13,28,27,4
10,28,28,5
10,28,17,2
10,28,20,2
10,28,24,5
13,28,11,2
10,28,37,7
10,28,40,6
10,28,40,6
10,28,61,8
10,28,27,3
10,28,20,4
10,28,29,5
13,28,8,2
10,28,17,3
10,28,27,4
13,28,62,9
10,28,19,3
13,28,22,4
13,28,68,12
10,28,30,4
10,28,51,10
10,28,34,4
10,28,28,3
10,28,45,7
10,28,23,4
10,28,48,9
13,28,39,6
10,28,25,3
10,28,50,8
13,28,70,11
10,28,36,6
10,28,34,6
10,28,18,2
10,28,20,3
10,28,19,2
10,28,27,4
10,28,23,3
14,26,104,20
14,26,233,42
14,26,10,2
14,26,175,25
14,26,36,4
14,26,46,7
14,26,25,4
14,26,35,7
14,26,30,5
14,26,39,5
15,22,40,6
14,26,49,7
14,26,30,5
14,26,28,4
14,26,35,7
14,26,79,12
14,26,25,4
14,26,43,6
16,19,22,4
10,13,33,7
14,26,296,54
14,26,567,107
14,26,2308,430
10,19,63,14
15,19,138,26
16,22,43,7
11,18,74,10
10,23,49,10
15,29,69,10
9,24,34,7
10,23,36,4
17,29,51,8
10,19,28,5
12,22,310,52
10,19,406,69
15,20,51,10
9,25,72,10
12,22,60,7
14,18,58,11
10,29,82,13
10,41,91,16
14,38,524,109
14,18,557,82
17,16,145,27
17,16,167,28
14,28,112,10
14,28,111,10
14,28,195,23
6,14,11,3
14,28,111,10
12,15,85,21
14,18,153,30
15,17,99,22
15,17,649,135
14,18,70,11
14,24,53,8
14,15,16,2
15,17,27,6
14,18,74,11
25,15,52,10
14,15,85,14
14,15,92,17
15,21,232,35
14,15,108,18
8,20,587,103
14,15,164,27
14,15,77,15
14,15,74,13
15,21,244,34
14,15,107,19
14,15,103,17
15,21,625,112
14,15,80,14
12,18,145,36
14,15,241,32
15,29,1865,307
15,21,547,90
14,15,85,14
15,21,463,78
18,21,81,13
15,21,367,63
15,21,404,69
18,21,96,13
18,21,107,16
12,31,1862,306
15,21,610,94
15,21,118,15
15,21,466,70
15,21,415,74
17,20,2407,403
15,21,589,103
15,44,3676,628
14,15,110,21
14,15,71,13
15,21,1898,348
14,15,82,16
15,21,457,88
15,21,763,129
14,15,70,15
12,49,489,74
14,15,106,17
15,21,250,34
15,21,681,115
14,15,86,15
14,29,529,90
12,17,583,102
14,29,514,88
14,29,259,42
12,36,49,12
14,29,694,107
14,29,167,30
14,29,56,10
12,18,35,5
10,22,49,8
12,18,10,2
14,29,794,126
12,18,38,5
13,20,3282,455
12,18,322,59
14,29,1294,201
14,29,212,37
14,29,253,37
6,14,72,13
6,28,43,8
6,28,44,8
6,14,35,5
6,14,43,7
6,28,42,8
6,28,25,5
6,14,52,9
6,14,47,8
6,28,58,10
6,28,41,6
6,14,40,8
6,28,33,5
6,14,52,9
6,14,11,3
6,28,33,7
6,28,19,3
6,28,22,4
6,14,73,16
6,14,54,10
6,14,77,11
6,14,64,13
6,14,11,3
6,14,1010,162
15,29,34,6
6,14,32,5
6,28,58,11
6,28,32,5
6,14,41,11
14,35,40,6
6,14,45,11
6,28,74,13
6,14,37,7
6,14,48,6
6,14,11,3
6,28,42,8
6,14,26,4
6,28,50,8
6,14,25,5
6,28,48,8
6,28,36,6
6,14,74,10
6,14,58,13
6,14,27,5
6,28,44,10
6,28,30,5
6,14,34,8
6,28,45,10
6,28,61,16
6,14,40,7
6,28,82,12
6,28,34,6
6,14,70,10
6,28,23,4
6,14,89,20
6,14,69,15
6,14,66,14
14,35,62,13
6,28,63,11
6,14,38,6
6,14,26,4
6,28,62,13
6,14,45,7
6,28,43,6
6,28,38,7
6,28,30,5
6,28,43,8
6,28,29,5
6,28,71,12
6,14,53,9
6,28,70,14
6,28,48,7
6,14,11,3
6,28,33,6
11,22,142,27
17,26,226,42
14,20,36,7
14,20,42,7
14,20,78,12
14,20,94,15
19,18,45,10
19,18,33,6
19,18,576,117
19,18,61,14
19,18,99,21
13,26,7528,1320
13,26,83,15
13,21,891,168
12,18,468,93
5,16,102,19
14,16,426,70
15,25,97,20
10,42,75,16
14,18,87,15
12,19,293,53
13,21,272,40
7,25,433,50
10,17,2151,348
13,26,181,31
14,16,187,33
13,21,316,50
12,40,265,38
13,21,708,138
10,17,302,54
13,21,654,133
13,24,634,124
10,42,196,38
12,19,40,6
12,18,959,210
12,19,123,20
14,18,465,83
13,21,424,71
13,21,267,48
12,16,68,14
7,25,124,23
12,13,361,60
12,13,192,37
13,21,507,95
12,13,162,23
13,26,123,23
17,22,106,14
15,25,36,5
8,25,37,4
8,25,69,11
8,25,15,3
8,30,15,3
8,25,15,3
8,30,15,3
8,30,15,3
8,23,14,3
8,25,15,3
8,30,15,3
8,30,15,3
8,30,15,3
8,30,15,3
8,25,15,3
8,30,15,3
8,25,15,3
8,30,15,3
8,30,15,3
8,25,15,3
8,30,15,3
8,30,15,3
8,30,15,3
8,30,15,3
8,30,15,3
8,23,14,3
8,30,15,3
8,23,14,3
8,23,14,3
8,25,15,3
8,30,15,3
8,30,15,3
8,25,15,3
8,25,15,3
8,30,15,3
8,30,15,3
8,30,15,3
16,16,28,4
21,19,264,45
12,20,79,22
12,20,14,3
13,39,29,6
12,20,359,71
12,22,207,29
13,39,104,15
12,20,55,15
12,20,21,7
12,20,28,8
15,25,178,24
12,20,12,2
12,20,319,56
13,39,34,7
12,20,39,7
12,16,610,98
12,16,152,26
12,16,215,39
12,16,73,12
12,16,46,9
11,19,87,13
13,20,47,13
10,18,62,14
11,19,39,8
6,20,45,9
11,19,44,11
22,23,210,37
10,18,32,8
10,18,58,12
10,18,62,18
13,20,44,11
16,16,61,9
14,38,32,9
10,18,26,9
9,22,75,20
19,22,52,13
9,22,56,15
19,22,48,13
9,22,168,38
19,22,67,17
10,18,3120,511
9,22,133,32
9,22,92,22
9,22,107,20
9,22,58,13
26,19,39,9
15,23,548,169
15,23,37,5
12,45,422,82
10,18,47,12
15,23,91,21
15,23,776,146
15,23,565,120
15,23,257,48
15,23,15,4
15,23,47,7
15,23,49,12
14,38,43,10
12,45,232,47
15,23,25,4
15,23,24,5
15,23,571,99
26,19,44,7
15,23,26,5
15,23,56,13
15,23,947,168
15,23,67,14
15,23,39,7
14,38,183,35
15,23,157,32
13,44,230,41
15,23,50,10
15,23,159,32
15,23,10,3
15,23,1863,323
13,22,26,5
10,18,52,13
15,23,49,11
15,23,46,8
15,23,257,56
15,23,594,116
15,23,42,11
26,19,28,5
15,23,214,43
14,38,4313,875
14,38,44,12
4,19,96,21
14,38,55,10
14,38,508,99
15,23,55,13
14,38,28,8
4,19,45,12
13,37,56,9
13,24,49,7
11,17,50,8
11,17,28,5
11,17,21,6
11,17,41,6
11,17,48,10
11,17,19,6
11,17,25,5
11,17,39,7
11,17,31,7
11,17,48,10
11,17,160,25
11,17,44,9
11,17,44,8
11,17,35,8
11,17,20,6
11,17,51,10
11,17,7,1
11,17,201,41
11,17,79,15
11,17,40,10
11,17,55,11
11,17,20,3
11,17,38,9
11,17,27,7
11,17,43,9
11,17,61,14
9,25,56,10
9,25,151,22
14,24,148,29
14,18,101,18
9,25,89,14
9,25,207,32
9,19,48,10
19,18,20,4
19,19,52,10
19,19,138,25
9,19,55,10
9,19,43,7
9,19,23,4
9,19,69,13
9,19,127,27
9,19,77,15
9,19,27,5
9,19,169,31
9,19,65,11
9,19,40,7
12,30,99,17
15,19,44,6
12,30,3205,623
9,19,218,31
12,19,732,109
6,18,17,3
9,19,879,156
14,24,266,45
15,21,282,53
15,21,202,29
15,21,322,65
15,21,177,32
15,21,345,72
15,21,90,13
15,21,229,41
15,21,152,25
12,18,42,7
12,18,81,13
12,18,48,9
13,17,46,10
12,18,63,11
12,18,126,23
12,18,31,4
26,22,31,5
12,18,75,16
6,19,50,11
12,18,131,21
7,22,38,6
11,17,37,4
12,18,30,6
12,18,19,4
12,18,40,6
12,18,31,6
12,18,94,19
12,18,125,23
26,22,42,5
7,18,31,5
12,18,63,11
26,22,18,3
12,18,72,13
7,18,11,4
12,18,25,4
12,18,58,13
26,46,32,9
13,20,40,8
12,21,23,6
12,18,125,18
15,27,137,21
8,18,50,10
12,21,44,8
12,21,22,4
12,21,5,1
12,32,23,3
12,19,439,77
11,19,160,16
12,19,177,34
11,19,162,17
11,19,93,9
10,17,67,15
11,19,178,26
12,22,189,23
11,19,551,93
11,19,236,24
14,19,90,8
12,21,23,7
12,21,30,6
9,21,44,6
11,18,145,27
17,27,138,26
17,27,48,7
9,21,38,6
17,27,32,4
10,20,33,5
17,27,106,19
17,27,90,16
17,27,73,12
20,25,51,10
17,27,34,5
10,20,71,13
17,27,19,3
16,16,56,10
16,16,36,7
16,16,111,21
20,25,82,16
16,16,50,9
10,20,44,8
17,27,96,18
16,16,106,19
16,16,86,11
17,27,65,12
16,16,42,7
17,27,99,18
16,16,328,51
16,16,165,22
16,16,45,7
16,16,67,13
8,20,17,5
8,16,25,6
8,20,28,6
8,20,19,5
8,20,22,6
8,20,20,5
8,20,31,7
7,17,25,3
7,17,27,5
7,17,14,4
7,17,15,3
7,17,26,7
7,17,52,7
7,17,26,3
4,20,35,6
4,20,138,30
4,20,154,33
14,21,19,5
14,21,29,4
8,18,84,16
5,30,313,69
14,21,64,9
9,18,40,6
14,21,19,3
13,17,83,15
18,33,114,12
18,20,20,4
5,30,209,40
13,17,14,2
14,21,68,10
13,17,40,6
9,18,16,3
14,21,37,7
7,41,220,36
14,21,33,9
18,20,35,6
13,17,47,5
15,22,50,9
14,21,46,8
14,14,27,4
6,18,24,4
11,20,36,8
9,21,339,63
9,18,359,70
14,21,52,6
18,20,8,3
8,25,48,9
7,16,76,15
7,16,52,12
6,20,265,49
7,16,301,55
7,16,76,18
7,16,97,22
7,16,52,13
7,16,49,13
7,16,211,44
7,16,79,17
7,16,62,17
7,16,79,15
7,16,98,21
7,16,97,21
10,19,578,100
17,17,164,31
17,17,53,11
10,44,115,26
13,23,152,15
22,23,137,10
13,18,1674,229
10,17,12,3
11,21,36,7
11,21,12,3
10,27,28,7
18,16,434,82
11,21,18,2
11,21,10,2
18,21,46,12
10,17,115,21
11,24,37,6
10,17,233,46
10,27,40,7
11,21,32,7
6,21,66,12
11,21,61,9
18,21,37,4
18,21,86,17
10,27,86,13
10,17,232,46
11,21,93,16
18,21,50,10
11,21,24,3
11,17,52,7
7,17,18,3
5,12,23,3
7,17,57,10
5,12,12,2
7,39,155,28
5,12,26,4
7,17,30,6
7,17,80,16
5,12,66,11
14,23,74,14
11,37,11,2
11,37,62,13
12,37,258,48
14,18,472,77
14,18,10,2
11,37,61,8
11,37,16,3
11,37,211,27
8,23,356,68
6,34,180,29
11,26,213,40
8,23,161,30
10,41,325,60
11,26,64,14
12,18,347,62
11,26,79,19
11,26,387,61
11,26,260,42
11,26,503,76
7,43,964,139
6,34,161,28
12,46,322,49
8,23,45,12
11,26,197,36
11,26,145,29
11,26,58,17
7,43,72,19
7,43,526,100
8,43,101,22
6,34,164,32
7,43,516,71
10,20,58,10
10,15,63,11
8,19,22,3
14,25,20,3
15,25,43,7
8,19,33,5
11,14,326,62
14,21,31,4
14,18,92,19
12,13,41,6
10,20,33,5
12,13,246,41
12,13,29,5
12,13,46,7
15,25,30,4
10,20,59,11
9,19,231,34
10,18,547,97
7,17,125,19
4,13,203,41
12,13,47,6
14,18,45,5
8,19,44,6
12,13,21,3
8,19,51,6
12,13,40,5
10,20,31,6
10,20,70,13
14,18,38,4
10,20,38,6
11,21,75,15
15,25,28,5
8,19,22,3
15,26,149,24
8,19,31,4
8,19,40,7
12,22,6,1
16,33,98,20
16,19,39,6
16,33,64,10
7,14,56,12
7,14,70,11
4,14,126,25
7,14,28,4
9,15,64,8
7,14,184,35
7,14,108,21
7,14,136,13
7,14,58,11
7,14,330,67
7,14,70,13
4,14,246,48
7,14,150,25
4,14,41,7
4,14,133,21
7,14,83,15
7,14,84,14
7,14,122,23
5,18,33,6
7,14,213,39
7,14,47,8
4,14,107,13
9,15,22,3
17,25,119,23
4,18,29,5
7,14,123,19
7,14,113,22
7,19,28,6
5,17,21,4
4,14,92,12
7,14,42,7
7,14,23,3
7,14,274,52
7,14,61,10
4,14,192,23
7,14,75,15
9,15,354,57
7,14,63,8
7,14,418,81
7,14,58,10
4,14,55,4
4,14,43,9
7,14,106,24
7,14,93,14
7,14,42,6
4,14,58,7
7,14,24,3
7,14,96,13
9,15,43,6
7,14,72,12
7,14,26,3
4,18,40,6
7,14,162,30
7,14,69,13
7,14,159,32
9,15,63,10
7,25,87,12
5,17,42,10
4,14,41,12
4,14,28,5
7,25,42,5
4,14,26,4
4,14,20,4
7,14,39,6
4,14,80,7
9,15,57,9
4,14,42,11
7,14,72,11
7,14,121,21
4,14,39,10
7,14,67,12
9,15,153,21
22,16,31,8
7,14,76,13
7,14,42,6
7,25,69,7
7,14,50,8
5,18,31,7
7,14,30,4
4,14,89,17
4,14,250,54
7,14,35,7
7,25,54,9
7,14,49,10
4,14,36,8
7,14,108,15
7,14,61,7
7,14,47,6
7,14,64,12
7,14,71,13
7,14,61,9
7,14,41,6
7,14,21,3
4,14,41,11
4,14,86,16
7,14,355,54
7,14,95,14
4,14,364,61
12,15,443,82
22,21,108,21
11,19,69,12
9,16,127,14
12,15,217,38
22,23,471,85
15,20,1506,192
14,18,132,18
16,18,265,45
11,17,372,53
22,23,1708,229
22,23,159,25
9,19,686,115
22,23,105,15
12,17,177,29
22,23,214,30
11,17,79,9
12,15,56,8
10,17,289,32
16,19,101,12
11,21,73,12
12,16,161,33
15,20,286,50
22,23,135,19
22,23,226,29
22,23,888,141
22,23,122,20
13,16,131272,22715
15,20,69,10
14,16,44,8
9,19,54,7
11,17,99,8
22,23,169,27
15,20,71,7
22,21,120,24
22,23,187,38
22,23,78,14
13,20,90,14
15,20,89,13
22,23,146,20
15,20,82,13
12,15,9693,1429
22,23,101,13
22,23,367,53
22,23,177,24
16,18,69,10
12,15,178,35
12,18,239,30
22,23,202,34
9,19,147,21
15,20,108,11
13,20,1773,292
22,23,323,63
11,17,153,19
22,21,90,16
22,23,80,16
13,19,946,174
11,18,1265,177
13,23,107,16
14,22,81,16
15,20,152,19
12,15,227,41
13,18,257,36
12,15,56,8
13,16,110,17
13,18,107,20
13,17,52,7
10,17,222,26
14,20,77,11
22,23,56,8
22,23,102,14
14,18,22,4
16,18,106,16
22,21,75,10
22,23,237,40
12,17,198,27
22,23,60,9
22,23,328,49
13,18,274,44
12,15,2574,544
22,21,76,14
16,19,169,28
13,18,65,11
22,21,92,14
22,23,236,43
10,19,58,9
22,23,191,31
13,16,152,26
7,14,119,14
11,21,84,12
14,20,94,11
19,18,148,24
12,18,136,13
12,21,91,13
22,21,56,9
16,18,52,7
22,23,109,12
15,20,64,9
22,23,82,14
22,23,75,9
22,23,94,14
14,17,132,12
22,23,98,8
22,23,119,13
22,23,165,18
16,18,293,54
18,17,92,16
22,23,376,68
22,23,61,8
12,20,120,12
9,19,114,19
22,23,114,22
22,23,276,41
22,23,62,9
13,17,158,24
11,16,108,17
11,21,63,9
15,14,44,8
6,16,161,27
14,19,236,44
10,17,58,8
12,19,56,8
14,22,67,10
14,19,22365,4014
22,23,272,52
15,20,1501,196
22,23,366,72
13,18,17623,1318
12,22,65,12
22,23,173,23
16,18,85,11
14,24,532,98
20,18,269,41
22,23,218,50
22,23,85,13
13,19,176,28
22,23,64,5
22,23,105,17
9,19,742,109
12,15,114,20
22,21,75,11
13,16,99,8
20,18,317,49
15,20,63,8
9,28,116,20
22,23,56,8
22,23,144,14
22,21,92,12
22,23,93,14
14,17,77,9
10,17,291,57
22,23,294,50
22,23,111,17
13,18,256,39
12,21,264,54
22,23,238,29
22,23,109,10
22,23,103,12
22,23,82,14
12,17,667,141
10,16,281,36
8,16,77,12
16,18,64,10
22,23,226,36
12,20,187,23
16,24,43,8
9,28,306,59
22,23,73,11
22,23,76,17
14,19,511,84
12,19,45,8
15,20,63,8
11,21,69,11
22,23,80,14
15,20,119,17
13,20,215,40
12,18,343,47
12,15,671,141
22,23,377,64
22,23,134,19
10,17,116,11
22,23,98,8
13,18,163,28
14,29,104,14
22,23,298,39
15,20,73,10
22,23,73,12
13,18,75,9
8,18,867,165
22,23,122,23
14,20,219,36
16,19,492,78
15,20,76,10
10,17,56,8
13,23,356,75
22,23,71,11
20,18,153,28
12,15,430,82
22,23,1731,308
20,18,260,37
22,23,1040,163
10,14,99,8
15,20,88,10
22,23,738,129
22,23,186,27
22,23,59,8
15,20,617,91
11,21,261,40
11,21,66,8
14,18,187,34
11,17,138,17
10,17,56,8
13,18,743,132
10,16,325,53
14,24,78,11
22,23,209,29
11,21,163,19
16,26,25,3
22,23,172,24
14,14,78,9
11,19,59,11
10,17,96,16
13,18,75,9
21,23,117,12
22,23,105,12
22,23,413,80
22,23,191,25
22,23,88,15
10,20,5167,610
14,23,65,9
12,20,143,25
4,16,39,6
4,16,75,12
4,16,2817,453
4,16,432,73
14,23,32,4
6,44,44,13
10,22,20,5
17,27,41,4
20,25,36,5
16,16,445,81
16,16,62,10
17,27,50,9
16,16,86,21
20,25,36,5
16,16,35,5
16,16,937,173
16,16,36,8
16,16,22,4
16,16,40,8
17,27,86,10
16,16,226,67
16,16,41,5
16,16,251,45
12,22,94,9
12,22,1038,165
13,21,818,142
4,18,556,105
13,20,3550,594
16,37,829,145
13,20,2506,337
8,22,69,12
8,22,26,3
8,22,55,10
6,35,20,4
8,22,50,9
8,22,17,3
8,22,12,2
8,22,44,7
8,22,24,2
15,15,10,2
8,22,33,5
8,22,40,5
8,22,26,4
16,15,49,6
8,22,25,4
18,17,105,12
9,19,24,3
20,24,465,96
18,17,302,60
18,17,104,14
16,24,407,63
16,24,134,29
16,24,1152,237
16,24,129,21
16,24,278,40
13,14,92,15
16,24,319,53
16,24,45,9
16,24,304,52
7,24,26,4
16,24,761,138
13,14,598,108
16,24,188,33
7,24,377,61
16,24,480,89
7,24,277,43
16,24,177,29
16,24,1072,180
7,24,26,3
7,24,813,134
12,21,96,16
16,24,43,8
16,24,45,7
16,24,47,9
16,24,241,37
22,23,109,10
14,24,239,35
22,23,129,13
10,14,287,63
17,23,389,66
10,14,55,16
10,14,41,12
14,18,57,11
12,14,63,14
10,14,747,149
10,14,44,13
14,18,41,8
12,14,33,9
10,14,35,12
19,17,38,8
19,17,106,20
19,17,21,4
19,17,22,4
9,29,45,7
6,28,102,22
13,28,52,11
15,17,95,17
14,29,89,14
9,29,29,7
15,25,19,3
15,17,49,14
11,17,26,4
11,17,25,3
11,17,61,11
11,17,62,11
11,17,9,2
11,17,38,9
11,17,98,18
11,17,53,10
11,17,39,10
11,17,39,6
11,17,40,9
11,17,39,7
11,17,17,7
11,17,160,25
11,17,80,12
11,17,35,8
11,17,20,6
11,17,105,19
11,17,23,6
11,17,36,8
11,17,47,7
11,17,121,20
11,17,69,16
11,17,59,13
11,17,25,8
11,17,20,3
11,17,39,8
11,17,23,3
15,19,2805,567
4,22,53,11
12,19,130,23
4,22,122,18
12,19,46,9
9,17,43,7
10,17,12,3
11,21,36,7
11,21,12,3
11,21,59,8
10,27,28,7
18,16,434,82
11,21,18,2
11,21,10,2
18,21,46,12
11,24,37,6
10,17,233,46
18,21,20,4
10,27,40,7
11,21,32,7
6,21,66,12
11,21,61,9
18,21,37,4
18,21,86,17
10,27,86,13
10,17,232,46
11,21,93,16
18,21,50,10
11,21,24,3
11,17,52,7
16,19,46,10
16,19,30,6
10,27,234,45
11,24,7,1
11,21,32,6
11,21,50,9
10,27,12,3
11,24,146,22
16,19,41,9
10,27,41,5
10,27,70,12
10,27,52,8
2,34,187,40
10,27,36,5
11,21,22,3
11,21,33,6
11,21,22,5
10,27,24,3
11,21,56,12
11,21,214,42
10,27,11,3
10,27,65,10
8,18,17,3
8,18,12,2
8,23,46,7
8,18,7,2
11,32,156,20
17,19,192,28
13,23,431,81
8,33,65,12
13,32,392,65
7,41,393,68
13,38,189,34
13,38,1082,155
13,38,1080,178
15,25,1509,229
15,25,210,38
15,25,1387,211
13,23,37,5
13,23,35,5
4,43,41,7
14,19,35,5
14,19,86,12
13,17,766,137
20,10,87,15
13,16,30,4
13,23,24,4
13,23,26,5
13,23,20,3
14,19,288,47
13,16,50,8
14,47,35,6
13,16,17,3
11,43,176,27
14,19,158,27
11,43,182,28
11,43,68,14
5,14,62,5
20,10,59,10
14,47,40,5
13,16,34,6
11,43,1709,279
13,23,20,3
13,23,43,9
11,43,467,82
13,26,1428,271
14,47,557,82
13,23,43,9
14,47,34,5
13,23,37,7
13,23,13,2
20,10,43,9
14,47,96,16
14,19,144,25
14,19,50,9
14,42,779,121
14,47,27,4
14,19,57,9
6,16,37,6
6,16,27,5
14,18,18,3
10,25,14,3
15,49,557,78
7,17,21,4
7,17,38,4
10,25,16,3
10,25,45,6
10,25,33,6
10,25,50,9
12,37,44,7
13,20,59,11
17,16,22,3
17,16,49,9
17,16,48,7
17,16,38,7
17,16,5,1
6,16,8,3
17,16,16,3
17,16,37,5
17,16,19,3
17,16,42,10
7,26,90,8
17,16,35,6
17,16,30,5
17,16,11,2
17,16,5,1
17,16,230,51
17,16,34,3
17,16,97,17
7,19,58,10
17,16,18,3
6,16,17,3
17,16,133,21
6,16,25,4
17,16,34,6
6,16,233,39
17,16,18,2
17,16,50,9
17,16,47,8
17,16,86,17
17,16,42,7
17,16,14,2
17,16,50,8
6,16,9,3
17,16,8,2
17,16,10,2
17,16,58,10
6,16,34,6
6,16,13,2
17,16,42,5
17,16,8,1
17,16,104,20
17,16,24,5
17,16,20,3
17,16,18,3
6,16,12,1
17,16,5,1
17,16,27,3
17,16,39,8
6,16,18,2
17,16,89,16
17,16,17,2
6,16,34,6
17,16,60,12
17,16,144,26
17,16,9,3
17,16,63,14
6,16,81,18
17,16,38,7
17,16,37,5
17,16,67,22
17,16,40,8
6,16,19,2
17,16,112,21
17,16,18,3
6,16,13,1
17,16,24,3
17,16,15,3
17,16,34,6
17,16,15,2
17,16,47,8
17,16,29,7
17,16,70,12
17,16,42,6
6,16,27,4
17,16,29,5
17,16,63,11
17,16,127,22
17,16,58,10
17,16,31,4
24,18,59,16
14,18,38,10
14,18,44,11
14,18,51,15
24,27,53,17
24,18,45,13
24,27,68,19
6,21,163,31
24,27,69,21
24,18,125,28
10,24,153,37
14,18,32,10
24,27,64,18
24,27,69,18
24,18,61,19
24,27,55,13
14,18,49,10
13,47,447,82
24,18,47,13
24,27,121,25
24,18,63,16
24,27,63,19
4,12,617,113
24,18,43,12
14,18,197,36
24,18,80,16
14,18,44,11
24,27,57,19
24,18,42,12
24,27,53,16
14,18,114,20
14,18,50,13
24,27,57,15
24,27,173,40
24,27,54,17
24,18,77,18
24,27,41,14
24,27,63,17
24,18,76,19
24,27,74,20
10,24,155,39
24,18,63,14
14,18,197,36
24,18,42,13
18,28,16,3
15,25,193,37
4,18,44,9
4,18,71,10
4,18,224,38
4,18,9,2
4,18,17,3
4,18,10,2
4,18,19,3
4,18,26,3
9,16,324,60
10,17,132,19
12,13,592,106
13,18,114,19
12,19,113,20
13,21,215,34
5,16,102,19
13,22,151,28
12,19,293,53
14,18,87,15
13,21,451,79
10,17,2151,348
14,18,205,35
12,13,100,18
10,17,302,54
12,13,103,19
14,16,225,45
12,19,40,6
12,13,475,84
13,21,394,72
12,16,68,14
12,19,127,21
12,19,169,27
12,19,263,49
12,13,84,17
14,18,253,47
12,19,274,49
13,26,2491,385
14,16,301,63
12,40,205,46
12,13,205,42
13,22,105,16
15,27,78,14
11,28,925,165
15,27,1922,361
14,26,64,13
15,29,31,8
14,22,53,12
15,27,49,8
15,27,872,175
15,27,48,10
15,27,19,3
15,27,61,10
10,25,26,3
15,27,47,8
15,27,415,82
15,27,111,19
15,27,546,114
15,27,45,6
12,17,21,3
15,18,56,11
15,27,51,7
14,25,57,12
12,27,60,10
12,27,90,13
6,36,17,3
6,49,30,4
12,33,40,7
6,36,34,3
6,36,35,6
6,49,55,11
14,17,147,19
14,17,622,111
3,17,22,3
14,17,192,27
13,17,54,9
18,30,76,5
14,17,379,66
13,17,44,7
14,13,104,20
3,17,15,3
18,30,106,9
14,17,157,19
3,17,12,2
3,17,39,7
3,17,33,8
14,17,110,8
3,17,11,2
14,17,119,11
13,17,66,13
3,17,33,6
3,17,24,4
3,17,24,3
13,17,21,2
14,17,73,5
14,17,149,20
3,17,61,9
13,17,9,2
13,17,27,3
12,24,108,11
3,17,27,6
13,17,24,6
14,14,166,27
14,17,82,6
13,17,26,4
3,17,54,7
3,17,30,7
3,17,56,10
13,17,71,14
12,20,196,20
3,17,30,5
14,17,548,98
3,17,40,6
3,17,50,6
13,17,49,10
3,17,22,3
3,17,13,2
14,14,265,49
3,17,33,5
3,17,54,8
3,17,35,6
13,17,18,3
14,17,97,8
3,17,33,4
14,17,323,49
13,17,33,5
14,25,258,43
12,20,101,7
14,17,104,10
7,29,38,7
13,17,34,4
12,21,107,8
3,17,21,2
18,30,79,5
14,17,280,35
14,17,253,35
3,17,22,4
13,17,35,9
3,17,31,4
14,17,115,11
13,17,30,7
13,17,23,3
14,17,240,33
13,17,25,4
3,17,14,2
3,17,19,4
14,17,84,4
3,17,31,4
18,30,92,6
14,17,170,25
13,17,49,10
14,17,128,15
3,17,52,6
14,17,225,36
3,17,22,2
14,17,639,117
3,17,109,18
15,15,83,4
14,17,795,164
13,17,50,6
13,17,24,3
3,17,14,3
14,17,95,7
13,17,32,6
13,17,21,3
3,17,22,2
14,17,277,38
13,17,23,6
13,17,21,4
14,17,87,7
13,17,51,8
14,17,180,15
13,17,15,3
13,17,53,9
13,17,27,6
13,17,20,3
3,17,15,3
14,17,119,22
3,17,16,3
13,17,28,3
5,14,448,65
15,23,100,8
3,17,23,3
12,24,377,72
13,17,65,10
3,17,19,5
3,17,51,4
3,17,22,4
18,30,87,8
3,17,10,2
3,17,39,7
15,15,57,10
12,20,81,5
3,17,20,4
13,17,21,3
13,17,47,13
13,17,84,15
13,17,26,4
13,17,36,6
3,17,21,3
3,17,26,6
3,17,89,16
13,17,58,10
14,17,163,23
3,17,28,4
3,17,20,4
12,20,220,13
14,17,147,19
13,17,20,4
3,17,46,6
3,17,32,5
13,17,43,9
14,17,95,11
3,17,11,2
3,17,15,2
13,24,27,4
14,17,70,3
18,30,87,5
3,17,38,9
13,17,16,4
3,17,42,8
19,29,71,9
3,17,18,3
14,17,101,11
3,17,32,4
3,17,10,2
14,17,426,69
13,17,98,14
13,17,36,7
13,17,28,5
14,17,24,3
15,16,737,132
14,17,32,5
14,17,162,33
14,17,335,65
14,17,29,4
16,20,70,12
14,17,42,8
15,16,155,20
14,17,13,2
15,16,41,8
15,16,137,15
14,17,566,115
15,16,17,1
14,17,32,6
14,17,656,104
15,16,48,10
14,17,503,88
14,17,24,5
14,17,26,3
14,17,28,5
15,16,40,4
15,16,117,17
14,17,601,103
14,17,714,120
14,17,294,50
15,16,49,7
14,17,213,34
14,17,450,76
13,15,43,6
15,16,67,13
14,17,38,6
17,26,56,9
17,26,21,4
17,26,44,6
17,26,72,11
17,26,12,2
17,26,81,16
17,26,30,3
17,26,39,7
17,26,8,2
17,26,35,6
17,26,50,3
17,26,27,4
17,26,31,5
17,26,249,38
17,26,44,5
17,26,23,2
17,26,48,8
17,26,37,6
17,26,35,8
17,26,35,6
17,26,200,28
17,26,295,46
17,26,15,3
17,26,47,6
17,26,59,9
17,26,28,3
17,26,39,8
17,26,64,10
17,26,64,10
17,26,27,4
17,26,32,8
17,26,40,6
17,26,23,3
17,26,28,5
17,26,65,10
17,26,54,10
17,26,45,9
17,26,19,2
17,26,31,4
17,26,13,4
17,26,22,3
17,26,88,15
17,26,19,3
17,26,65,14
17,26,33,5
17,26,23,3
17,26,55,10
17,26,55,7
17,26,28,4
17,26,149,19
17,26,46,7
17,26,63,10
17,26,66,10
17,26,65,12
14,26,51,10
17,26,60,9
17,26,36,5
17,26,30,3
17,26,19,3
17,26,11,1
17,26,28,3
15,16,50,6
17,26,37,5
17,26,29,3
17,26,313,62
17,26,122,22
17,26,27,3
17,26,20,3
17,26,307,44
17,26,11,1
17,26,35,4
17,26,542,93
17,26,71,9
17,26,38,6
17,26,35,6
17,26,68,9
17,26,11,1
14,24,49,7
17,26,39,4
17,26,50,6
9,26,59,7
17,26,53,6
17,26,25,4
17,26,64,11
9,23,25,4
6,28,2825,468
9,23,21,4
9,23,35,6
9,23,23,4
7,44,214,24
7,44,220,26
7,44,206,24
7,44,197,24
7,44,216,26
7,44,199,24
7,44,201,24
7,44,199,24
7,44,209,26
16,22,289,48
10,17,56,11
9,21,46,8
10,20,68,11
10,17,84,23
10,17,80,18
9,21,55,7
10,17,60,8
10,17,61,12
10,17,143,27
8,17,68,9
16,17,123,25
12,25,109,14
10,17,258,43
12,25,116,25
12,25,375,71
12,25,147,22
13,20,130,23
12,25,124,21
10,17,304,53
11,43,305,50
11,43,82,17
11,43,44,7
11,43,44,8
11,43,24,4
22,13,13,2
13,18,14,2
22,16,14,2
13,16,15,2
13,18,14,2
13,18,13,2
13,18,13,2
12,13,14,2
12,13,13,2
12,13,13,2
13,18,14,2
13,18,13,2
13,18,14,2
16,26,761,141
14,18,22,3
21,21,38,6
14,18,25,2
16,26,1636,269
16,26,409,64
14,18,30,6
16,26,83,16
15,18,73,10
19,28,53,10
16,20,33,6
11,25,76,13
16,25,64,8
14,24,76,11
14,24,75,12
16,26,81,10
19,33,47,7
13,23,36,4
15,18,56,7
13,23,56,10
17,19,79,11
16,20,58,11
11,20,72,16
12,22,50,6
13,17,356,66
19,33,39,4
14,24,68,10
12,21,83,12
15,18,37,8
15,18,30,6
16,26,368,74
19,33,46,8
15,18,68,9
9,19,53,8
18,14,73,12
12,22,60,8
5,18,26,4
19,29,47,7
16,26,72,12
13,23,50,8
15,19,11,2
14,24,55,12
18,14,30,5
19,33,35,4
13,23,71,14
19,33,70,11
17,20,40,4
13,22,170,17
15,18,89,17
13,17,43,6
15,24,79,12
16,18,66,13
11,21,118,20
19,33,60,6
12,21,49,7
17,16,26,3
14,24,56,8
13,23,83,12
14,24,68,9
14,24,75,15
14,23,65,9
10,19,72,7
16,20,30,6
11,21,84,12
19,28,82,13
13,17,78,15
14,24,80,10
13,28,65,4
16,26,81,13
13,23,57,10
14,24,129,19
12,21,48,7
14,24,26,4
16,26,501,98
8,18,14,2
6,23,66,9
14,18,41,6
6,17,50,8
13,17,63,12
14,24,100,14
19,28,55,12
13,17,1766,283
16,26,69,12
11,21,67,9
16,26,56,8
13,17,24,5
16,26,67,13
16,26,8,2
19,33,340,54
16,26,118,20
13,17,35,7
15,18,57,9
13,17,38,5
16,26,42,7
16,26,32,5
19,20,54,12
16,20,42,8
11,21,89,17
14,24,67,10
19,33,46,6
19,28,61,13
16,20,39,5
19,33,46,8
14,17,39,7
16,26,526,100
19,33,44,7
13,17,50,5
14,24,51,9
14,24,49,8
15,25,22,4
16,23,62,10
13,23,81,15
16,20,95,17
16,26,61,9
19,29,91,16
9,19,58,7
13,23,50,7
17,29,31,4
16,20,26,6
19,29,50,7
14,17,41,7
19,33,246,40
16,26,71,13
14,17,67,9
14,22,39,6
11,21,74,15
12,15,57,8
15,24,78,12
19,31,41,8
15,18,158,32
13,23,35,6
11,21,47,6
15,25,39,7
16,26,27,6
14,24,110,21
16,26,24,4
15,18,69,14
16,26,37,7
13,28,58,8
14,18,34,5
18,14,49,5
12,20,35,6
12,20,171,26
14,24,82,12
14,24,92,13
15,23,38,6
14,24,41,7
11,20,66,10
18,28,63,5
19,33,42,6
19,33,52,6
11,21,41,8
11,21,144,27
19,33,42,5
14,24,93,18
7,20,35,6
15,25,69,9
4,15,244,32
14,18,49,9
16,20,109,17
14,24,62,11
11,21,155,24
14,18,69,12
14,24,81,15
16,26,196,37
8,26,63,4
16,18,38,7
15,18,83,14
12,22,47,8
14,24,105,14
14,24,29,6
9,19,68,11
11,21,47,7
20,26,65,9
14,24,82,14
14,17,81,16
11,21,44,7
14,24,140,23
15,24,62,9
15,18,112,17
14,24,76,13
14,24,73,9
13,23,83,16
16,20,62,10
12,22,58,8
16,26,103,14
21,21,78,13
16,20,26,4
8,18,83,10
12,26,73,10
19,33,42,5
15,23,142,24
14,23,73,13
11,21,28,6
21,21,53,11
19,33,32,3
13,23,40,6
16,26,84,11
20,26,79,12
16,26,49,7
7,25,49,7
18,13,64,10
19,33,48,8
19,29,93,15
19,19,40,6
14,24,105,13
14,17,59,9
20,14,68,11
16,26,55,8
15,24,93,14
16,26,75,10
15,23,54,8
15,23,67,11
15,23,18,3
15,23,51,8
15,23,110,16
15,23,22,3
15,23,89,15
15,23,29,5
17,32,55,10
9,16,76,13
19,22,414,68
23,41,115,20
12,19,353,59
14,19,55,9
13,16,55,12
14,21,99,18
13,16,41,10
13,20,59,8
10,20,40,6
13,16,16,4
13,20,35,6
7,19,71,16
13,16,24,5
13,20,38,7
11,17,54,11
11,7,5,1
12,24,33,6
13,16,27,4
16,34,57,13
13,16,61,12
9,16,20,5
21,16,102,16
21,16,321,59
12,27,333,65
14,18,68,12
21,16,311,59
15,17,5,1
15,17,5,1
15,17,18,3
15,17,141,23
15,17,5,1
15,17,5,1
15,17,77,14
4,17,22,3
15,17,44,7
15,17,60,9
15,17,41,6
4,17,7,1
15,17,23,5
15,17,30,4
15,17,20,5
15,17,53,8
15,17,23,5
15,17,180,36
15,17,18,2
15,17,29,4
15,17,51,11
15,17,115,19
15,17,25,5
15,17,50,11
15,17,5,1
15,17,8,1
15,17,95,12
15,17,46,8
4,17,7,1
15,17,15,2
15,17,44,11
15,17,53,9
15,17,5,1
15,17,23,5
15,17,5,1
15,17,17,2
15,17,28,4
15,17,72,13
15,17,23,3
4,17,32,4
15,17,91,14
7,16,27,5
8,18,102,13
8,17,37,5
7,16,317,54
16,16,358,63
7,18,455,77
5,39,252,41
15,32,967,163
15,32,9,1
15,32,247,48
15,20,9,1
12,22,53,12
8,22,32,5
8,36,66,17
13,22,30,5
12,21,55,10
8,22,42,7
8,22,46,7
8,36,70,15
16,34,1852,340
8,22,48,9
4,20,28,4
8,36,47,9
17,20,172,29
12,22,3602,603
8,36,139,24
16,28,74,13
12,22,34,4
19,32,321,56
17,20,61,14
4,20,12,2
8,22,20,2
10,30,94,16
17,20,48,9
15,44,647,109
16,34,282,57
10,30,50,7
8,36,62,14
16,28,281,49
13,22,27,3
4,20,12,2
13,22,91,15
8,22,45,8
12,22,15,2
16,26,270,45
9,43,230,37
8,22,13,2
8,22,54,10
18,21,307,50
8,22,46,9
12,22,63,15
8,36,485,69
8,36,128,19
12,22,198,33
8,36,22,6
12,22,238,41
8,22,66,10
8,22,36,6
16,28,72,15
9,43,162,29
11,45,452,77
12,22,50,12
8,36,99,17
12,22,61,14
8,36,118,20
8,36,33,7
12,22,54,12
8,22,36,7
8,36,62,12
8,22,53,10
12,22,52,13
16,28,246,46
16,28,25,4
10,16,22,3
12,27,52,8
10,16,14,2
14,19,337,75
13,23,46,6
11,16,12,3
14,15,56,13
10,16,12,2
11,16,27,6
14,15,49,8
5,16,88,15
14,16,90,15
10,16,8,1
15,25,85,12
10,16,35,3
10,30,53,11
14,15,1,1
11,16,62,12
14,18,298,46
13,18,60,10
14,16,12,2
14,15,27,5
11,16,26,4
11,16,38,7
10,16,18,3
10,16,8,2
11,16,46,8
12,27,9,2
5,16,35,5
14,15,34,6
10,16,9,2
10,16,48,9
10,16,14,3
10,16,27,3
14,18,135,25
11,16,26,5
10,16,11,2
14,16,18,3
10,16,47,7
10,16,13,2
5,16,44,6
10,16,10,3
14,15,40,4
11,16,24,4
10,16,22,2
10,19,25,6
14,20,49,9
11,20,45,6
11,16,31,5
14,15,157,33
10,16,39,7
12,27,40,7
10,16,12,2
14,18,1153,243
10,16,13,2
14,24,571,119
14,15,240,42
16,20,54,11
10,16,24,3
10,16,12,3
11,16,20,8
13,20,55,13
14,15,81,17
10,16,15,2
11,16,31,6
10,16,24,4
11,16,30,5
10,16,15,2
14,18,50,8
10,16,17,3
10,16,23,5
14,15,28,6
10,16,17,4
10,16,19,4
10,16,8,1
14,18,46,6
11,21,48,8
12,22,35,5
14,44,51,10
14,44,152,25
14,44,69,10
14,44,188,40
14,44,85,15
14,44,36,8
14,44,142,22
11,45,26,4
14,44,21,6
8,15,41,10
14,44,67,13
7,17,90,17
14,44,194,35
12,24,33,3
14,44,90,14
12,24,37,5
14,44,35,6
7,17,113,22
14,44,101,19
11,45,36,6
14,44,226,43
14,44,70,11
14,44,153,27
11,45,22,3
14,44,220,42
14,44,83,19
11,45,68,11
14,44,267,47
12,24,20,3
14,44,29,6
11,45,19,3
14,44,35,5
14,44,72,12
12,22,118,19
12,22,32,7
12,22,1160,199
13,21,85,14
12,22,293,50
11,21,88,14
17,17,666,132
12,22,150,26
7,17,7,1
10,23,25,4
11,45,34,5
10,23,14,3
12,21,768,131
5,30,929,147
12,15,279,49
5,22,54,8
12,21,180,32
9,20,198,36
12,15,178,36
11,21,64,14
9,20,453,77
5,20,38,6
12,21,59,11
12,21,184,30
13,18,25,6
12,18,111,20
13,18,308,60
13,18,638,101
12,18,81,14
12,18,76,11
9,23,404,82
12,18,104,15
7,21,437,83
12,21,133,20
13,18,98,18
12,18,55,7
13,18,36,5
12,18,116,18
12,18,46,9
13,18,50,9
13,18,46,8
13,18,412,78
13,18,150,21
13,18,44,7
13,18,597,103
12,18,90,17
13,18,52,8
12,21,117,18
12,18,125,11
12,18,121,20
13,18,139,28
7,21,268,49
12,18,183,32
13,18,447,75
13,18,63,10
13,18,354,67
12,21,288,40
12,18,158,27
13,18,305,54
12,18,54,7
13,18,100,17
12,18,307,48
13,19,25,3
12,18,102,18
13,18,44,6
13,18,26,3
13,18,148,20
13,18,640,119
13,18,40,8
12,21,198,37
12,18,113,14
12,21,129,18
12,18,134,20
9,23,154,26
10,17,169,23
22,23,89,11
12,15,227,41
10,17,663,108
15,20,150,19
10,17,137,19
14,26,572,116
14,26,886,181
14,26,205,33
14,26,329,64
15,25,246,42
14,26,31,6
11,22,4054,709
14,26,1639,307
10,13,203,36
5,15,84,14
11,19,156,28
5,15,24,3
5,15,83,13
5,15,54,9
5,15,90,17
10,19,88,15
18,29,60,11
14,28,770,142
5,15,1937,341
5,15,36,6
14,28,409,76
18,17,135,24
5,15,71,14
5,15,76,13
13,22,476,88
10,19,853,152
5,15,93,18
5,15,675,112
10,21,160,26
13,22,30,5
11,19,577,91
14,28,481,87
5,15,124,21
5,15,38,7
8,20,40,6
5,22,49,8
11,22,52,9
11,23,2144,324
15,49,23,6
8,33,39,7
3,33,20,3
8,20,29,4
11,21,36,7
5,20,45,8
3,33,53,8
11,22,92,15
8,20,11,2
11,22,129,26
8,20,11,2
8,33,27,5
11,23,97,16
11,22,60,12
5,22,19,5
5,20,15,4
8,33,34,7
6,20,324,61
6,20,44,9
8,33,51,7
3,22,181,24
11,22,59,14
5,22,158,29
11,22,25,4
5,22,27,4
11,22,111,19
5,22,35,8
5,22,32,5
5,19,79,8
11,22,49,8
5,22,141,25
3,33,36,6
11,14,43,8
8,19,56,12
14,22,37,10
11,19,1454,280
8,21,56,10
8,21,42,8
18,18,97,21
8,21,471,81
7,21,52,6
8,19,62,13
10,12,235,37
8,21,397,74
13,21,262,40
8,18,73,18
16,12,62,11
8,21,323,57
8,19,34,9
14,22,95,19
8,18,48,12
3,12,46,9
9,17,296,48
5,46,61,8
11,14,30,6
18,18,75,14
8,19,61,14
15,12,40,7
8,19,157,36
19,26,52,10
8,19,78,17
8,21,436,68
8,18,65,14
8,18,76,16
8,21,21,5
8,19,71,16
8,18,62,14
9,43,144,24
9,43,151,28
9,43,108,19
11,48,199,24
11,48,131,10
11,48,131,11
11,48,223,25
11,48,138,11
11,48,191,20
16,24,21,6
11,17,25,5
11,17,23,6
11,17,111,18
11,17,20,3
11,18,32,7
10,22,30,4
12,20,71,15
10,22,32,5
12,25,157,33
14,26,40,5
16,19,50,9
14,26,54,11
14,26,27,5
15,22,27,3
14,26,224,41
14,26,956,213
14,26,2841,582
15,22,61,6
14,26,591,119
14,26,60,9
14,26,27,6
14,26,702,124
14,26,43,6
14,26,149,24
14,26,35,7
14,26,598,112
3,15,32,4
9,19,41,5
14,26,503,79
14,26,637,135
14,26,28,5
14,26,740,133
19,31,56,9
15,22,101,12
14,26,269,48
14,26,211,37
14,26,787,138
15,22,54,6
14,26,30,5
14,26,696,130
11,22,1404,249
14,26,28,4
14,26,559,91
14,26,349,67
14,26,71,10
14,26,19,3
14,26,146,28
14,26,1279,289
14,26,863,160
14,26,433,79
3,15,28,3
15,22,54,6
14,26,210,56
14,26,22,4
14,26,214,41
15,13,29,5
14,26,973,221
14,26,49,9
3,15,19,3
14,26,554,110
14,26,2308,430
14,26,44,8
14,26,273,52
15,22,247,42
14,26,458,66
14,26,183,30
14,26,239,38
14,26,33,5
14,26,337,72
